-- phpMyAdmin SQL Dump
-- version 5.2.1
-- https://www.phpmyadmin.net/
--
-- Host: 127.0.0.1
-- Waktu pembuatan: 14 Jun 2024 pada 04.17
-- Versi server: 10.4.32-MariaDB
-- Versi PHP: 8.2.12

SET SQL_MODE = "NO_AUTO_VALUE_ON_ZERO";
START TRANSACTION;
SET time_zone = "+00:00";


/*!40101 SET @OLD_CHARACTER_SET_CLIENT=@@CHARACTER_SET_CLIENT */;
/*!40101 SET @OLD_CHARACTER_SET_RESULTS=@@CHARACTER_SET_RESULTS */;
/*!40101 SET @OLD_COLLATION_CONNECTION=@@COLLATION_CONNECTION */;
/*!40101 SET NAMES utf8mb4 */;

--
-- Database: `blinky`
--

-- --------------------------------------------------------

--
-- Struktur dari tabel `tb_absensi1`
--

CREATE TABLE `tb_absensi1` (
  `id_absensi` int(12) NOT NULL,
  `id_mahasiswa` int(10) NOT NULL,
  `waktu_absen` timestamp NOT NULL DEFAULT current_timestamp() ON UPDATE current_timestamp(),
  `kode_status_absensi` int(1) NOT NULL,
  `id_jadwal` int(5) NOT NULL,
  `tgl_ditambah` timestamp NOT NULL DEFAULT current_timestamp(),
  `tgl_diupdate` timestamp NOT NULL DEFAULT current_timestamp() ON UPDATE current_timestamp()
) ENGINE=InnoDB DEFAULT CHARSET=utf8mb4 COLLATE=utf8mb4_general_ci;

--
-- Dumping data untuk tabel `tb_absensi1`
--

INSERT INTO `tb_absensi1` (`id_absensi`, `id_mahasiswa`, `waktu_absen`, `kode_status_absensi`, `id_jadwal`, `tgl_ditambah`, `tgl_diupdate`) VALUES
(1, 22100015, '0000-00-00 00:00:00', 1, 12001, '0000-00-00 00:00:00', '0000-00-00 00:00:00'),
(2, 22100016, '0000-00-00 00:00:00', 1, 12001, '0000-00-00 00:00:00', '0000-00-00 00:00:00'),
(3, 22100017, '0000-00-00 00:00:00', 1, 12001, '0000-00-00 00:00:00', '0000-00-00 00:00:00'),
(4, 22100018, '0000-00-00 00:00:00', 1, 12001, '0000-00-00 00:00:00', '0000-00-00 00:00:00'),
(5, 22100020, '0000-00-00 00:00:00', 1, 12001, '0000-00-00 00:00:00', '0000-00-00 00:00:00'),
(6, 22100023, '0000-00-00 00:00:00', 1, 12001, '0000-00-00 00:00:00', '0000-00-00 00:00:00'),
(7, 22100024, '0000-00-00 00:00:00', 1, 12001, '0000-00-00 00:00:00', '0000-00-00 00:00:00'),
(8, 22100027, '0000-00-00 00:00:00', 3, 12001, '0000-00-00 00:00:00', '0000-00-00 00:00:00'),
(9, 22100030, '0000-00-00 00:00:00', 1, 12001, '0000-00-00 00:00:00', '0000-00-00 00:00:00'),
(10, 22100031, '0000-00-00 00:00:00', 1, 12001, '0000-00-00 00:00:00', '0000-00-00 00:00:00'),
(11, 22100032, '0000-00-00 00:00:00', 1, 12001, '0000-00-00 00:00:00', '0000-00-00 00:00:00'),
(12, 22100033, '0000-00-00 00:00:00', 1, 12001, '0000-00-00 00:00:00', '0000-00-00 00:00:00'),
(13, 22100034, '0000-00-00 00:00:00', 1, 12001, '0000-00-00 00:00:00', '0000-00-00 00:00:00'),
(14, 22100035, '0000-00-00 00:00:00', 1, 12001, '0000-00-00 00:00:00', '0000-00-00 00:00:00'),
(15, 22100036, '0000-00-00 00:00:00', 1, 12001, '0000-00-00 00:00:00', '0000-00-00 00:00:00'),
(16, 22100015, '0000-00-00 00:00:00', 1, 12002, '0000-00-00 00:00:00', '0000-00-00 00:00:00'),
(17, 22100016, '0000-00-00 00:00:00', 1, 12002, '0000-00-00 00:00:00', '0000-00-00 00:00:00'),
(18, 22100017, '0000-00-00 00:00:00', 1, 12002, '0000-00-00 00:00:00', '0000-00-00 00:00:00'),
(19, 22100018, '0000-00-00 00:00:00', 1, 12002, '0000-00-00 00:00:00', '0000-00-00 00:00:00'),
(20, 22100020, '0000-00-00 00:00:00', 1, 12002, '0000-00-00 00:00:00', '0000-00-00 00:00:00'),
(21, 22100023, '0000-00-00 00:00:00', 1, 12002, '0000-00-00 00:00:00', '0000-00-00 00:00:00'),
(22, 22100024, '0000-00-00 00:00:00', 1, 12002, '0000-00-00 00:00:00', '0000-00-00 00:00:00'),
(23, 22100027, '0000-00-00 00:00:00', 1, 12002, '0000-00-00 00:00:00', '0000-00-00 00:00:00'),
(24, 22100030, '0000-00-00 00:00:00', 1, 12002, '0000-00-00 00:00:00', '0000-00-00 00:00:00'),
(25, 22100031, '0000-00-00 00:00:00', 1, 12002, '0000-00-00 00:00:00', '0000-00-00 00:00:00'),
(26, 22100032, '0000-00-00 00:00:00', 1, 12002, '0000-00-00 00:00:00', '0000-00-00 00:00:00'),
(27, 22100033, '0000-00-00 00:00:00', 1, 12002, '0000-00-00 00:00:00', '0000-00-00 00:00:00'),
(28, 22100034, '0000-00-00 00:00:00', 1, 12002, '0000-00-00 00:00:00', '0000-00-00 00:00:00'),
(29, 22100035, '0000-00-00 00:00:00', 1, 12002, '0000-00-00 00:00:00', '0000-00-00 00:00:00'),
(30, 22100036, '0000-00-00 00:00:00', 1, 12002, '0000-00-00 00:00:00', '0000-00-00 00:00:00'),
(31, 22200001, '0000-00-00 00:00:00', 1, 21001, '0000-00-00 00:00:00', '0000-00-00 00:00:00'),
(32, 22200002, '0000-00-00 00:00:00', 1, 21001, '0000-00-00 00:00:00', '0000-00-00 00:00:00'),
(33, 22200005, '0000-00-00 00:00:00', 1, 21001, '0000-00-00 00:00:00', '0000-00-00 00:00:00'),
(34, 22200006, '0000-00-00 00:00:00', 1, 21001, '0000-00-00 00:00:00', '0000-00-00 00:00:00'),
(35, 22200008, '0000-00-00 00:00:00', 1, 21001, '0000-00-00 00:00:00', '0000-00-00 00:00:00'),
(36, 22200009, '0000-00-00 00:00:00', 1, 21001, '0000-00-00 00:00:00', '0000-00-00 00:00:00'),
(37, 22200010, '0000-00-00 00:00:00', 1, 21001, '0000-00-00 00:00:00', '0000-00-00 00:00:00'),
(38, 22200011, '0000-00-00 00:00:00', 1, 21001, '0000-00-00 00:00:00', '0000-00-00 00:00:00'),
(39, 22200013, '0000-00-00 00:00:00', 1, 21001, '0000-00-00 00:00:00', '0000-00-00 00:00:00'),
(40, 22200014, '0000-00-00 00:00:00', 1, 21001, '0000-00-00 00:00:00', '0000-00-00 00:00:00'),
(41, 22200016, '0000-00-00 00:00:00', 1, 21001, '0000-00-00 00:00:00', '0000-00-00 00:00:00'),
(42, 22200017, '0000-00-00 00:00:00', 1, 21001, '0000-00-00 00:00:00', '0000-00-00 00:00:00'),
(43, 22200018, '0000-00-00 00:00:00', 1, 21001, '0000-00-00 00:00:00', '0000-00-00 00:00:00'),
(44, 22200019, '0000-00-00 00:00:00', 1, 21001, '0000-00-00 00:00:00', '0000-00-00 00:00:00'),
(45, 22200021, '0000-00-00 00:00:00', 1, 21001, '0000-00-00 00:00:00', '0000-00-00 00:00:00'),
(46, 22200022, '0000-00-00 00:00:00', 1, 21001, '0000-00-00 00:00:00', '0000-00-00 00:00:00'),
(47, 22200023, '0000-00-00 00:00:00', 1, 21001, '0000-00-00 00:00:00', '0000-00-00 00:00:00'),
(48, 22200025, '0000-00-00 00:00:00', 1, 21001, '0000-00-00 00:00:00', '0000-00-00 00:00:00'),
(49, 22200027, '0000-00-00 00:00:00', 1, 21001, '0000-00-00 00:00:00', '0000-00-00 00:00:00'),
(50, 22200028, '0000-00-00 00:00:00', 1, 21001, '0000-00-00 00:00:00', '0000-00-00 00:00:00'),
(51, 22200029, '0000-00-00 00:00:00', 1, 21001, '0000-00-00 00:00:00', '0000-00-00 00:00:00'),
(52, 22200030, '0000-00-00 00:00:00', 1, 21001, '0000-00-00 00:00:00', '0000-00-00 00:00:00'),
(53, 22200031, '0000-00-00 00:00:00', 1, 21001, '0000-00-00 00:00:00', '0000-00-00 00:00:00'),
(54, 22200032, '0000-00-00 00:00:00', 1, 21001, '0000-00-00 00:00:00', '0000-00-00 00:00:00'),
(55, 22200033, '0000-00-00 00:00:00', 1, 21001, '0000-00-00 00:00:00', '0000-00-00 00:00:00'),
(56, 22200034, '0000-00-00 00:00:00', 1, 21001, '0000-00-00 00:00:00', '0000-00-00 00:00:00'),
(57, 22200036, '0000-00-00 00:00:00', 1, 21001, '0000-00-00 00:00:00', '0000-00-00 00:00:00'),
(58, 22200037, '0000-00-00 00:00:00', 1, 21001, '0000-00-00 00:00:00', '0000-00-00 00:00:00'),
(59, 22200038, '0000-00-00 00:00:00', 1, 21001, '0000-00-00 00:00:00', '0000-00-00 00:00:00'),
(60, 22200041, '0000-00-00 00:00:00', 1, 21001, '0000-00-00 00:00:00', '0000-00-00 00:00:00'),
(61, 22300001, '0000-00-00 00:00:00', 1, 31001, '0000-00-00 00:00:00', '0000-00-00 00:00:00'),
(62, 22300002, '0000-00-00 00:00:00', 1, 31001, '0000-00-00 00:00:00', '0000-00-00 00:00:00'),
(63, 22300003, '0000-00-00 00:00:00', 1, 31001, '0000-00-00 00:00:00', '0000-00-00 00:00:00'),
(64, 22300004, '0000-00-00 00:00:00', 1, 31001, '0000-00-00 00:00:00', '0000-00-00 00:00:00'),
(65, 22300005, '0000-00-00 00:00:00', 1, 31001, '0000-00-00 00:00:00', '0000-00-00 00:00:00'),
(66, 22300006, '0000-00-00 00:00:00', 1, 31001, '0000-00-00 00:00:00', '0000-00-00 00:00:00'),
(67, 22300007, '0000-00-00 00:00:00', 1, 31001, '0000-00-00 00:00:00', '0000-00-00 00:00:00'),
(68, 22300008, '0000-00-00 00:00:00', 4, 31001, '0000-00-00 00:00:00', '0000-00-00 00:00:00'),
(69, 22300009, '0000-00-00 00:00:00', 1, 31001, '0000-00-00 00:00:00', '0000-00-00 00:00:00'),
(70, 22300011, '0000-00-00 00:00:00', 1, 31001, '0000-00-00 00:00:00', '0000-00-00 00:00:00'),
(71, 22300012, '0000-00-00 00:00:00', 1, 31001, '0000-00-00 00:00:00', '0000-00-00 00:00:00'),
(72, 22300015, '0000-00-00 00:00:00', 1, 31001, '0000-00-00 00:00:00', '0000-00-00 00:00:00'),
(73, 22300016, '0000-00-00 00:00:00', 1, 31001, '0000-00-00 00:00:00', '0000-00-00 00:00:00'),
(74, 22300017, '0000-00-00 00:00:00', 1, 31001, '0000-00-00 00:00:00', '0000-00-00 00:00:00'),
(75, 22300019, '0000-00-00 00:00:00', 1, 31001, '0000-00-00 00:00:00', '0000-00-00 00:00:00'),
(76, 22300020, '0000-00-00 00:00:00', 1, 31001, '0000-00-00 00:00:00', '0000-00-00 00:00:00'),
(77, 22100001, '0000-00-00 00:00:00', 1, 11001, '0000-00-00 00:00:00', '0000-00-00 00:00:00'),
(78, 22100002, '0000-00-00 00:00:00', 1, 11001, '0000-00-00 00:00:00', '0000-00-00 00:00:00'),
(79, 22100004, '0000-00-00 00:00:00', 1, 11001, '0000-00-00 00:00:00', '0000-00-00 00:00:00'),
(80, 22100006, '0000-00-00 00:00:00', 1, 11001, '0000-00-00 00:00:00', '0000-00-00 00:00:00'),
(81, 22100007, '0000-00-00 00:00:00', 1, 11001, '0000-00-00 00:00:00', '0000-00-00 00:00:00'),
(82, 22100008, '0000-00-00 00:00:00', 1, 11001, '0000-00-00 00:00:00', '0000-00-00 00:00:00'),
(83, 22100009, '0000-00-00 00:00:00', 1, 11001, '0000-00-00 00:00:00', '0000-00-00 00:00:00'),
(84, 22100010, '0000-00-00 00:00:00', 1, 11001, '0000-00-00 00:00:00', '0000-00-00 00:00:00'),
(85, 22100012, '0000-00-00 00:00:00', 1, 11001, '0000-00-00 00:00:00', '0000-00-00 00:00:00'),
(86, 22100013, '0000-00-00 00:00:00', 1, 11001, '0000-00-00 00:00:00', '0000-00-00 00:00:00'),
(87, 22100014, '0000-00-00 00:00:00', 1, 11001, '0000-00-00 00:00:00', '0000-00-00 00:00:00'),
(88, 22100019, '0000-00-00 00:00:00', 1, 11001, '0000-00-00 00:00:00', '0000-00-00 00:00:00'),
(89, 22100026, '0000-00-00 00:00:00', 1, 11001, '0000-00-00 00:00:00', '0000-00-00 00:00:00'),
(90, 22100037, '0000-00-00 00:00:00', 1, 11001, '0000-00-00 00:00:00', '0000-00-00 00:00:00'),
(91, 22100042, '0000-00-00 00:00:00', 1, 11001, '0000-00-00 00:00:00', '0000-00-00 00:00:00'),
(92, 22100044, '0000-00-00 00:00:00', 1, 11001, '0000-00-00 00:00:00', '0000-00-00 00:00:00'),
(93, 22100045, '0000-00-00 00:00:00', 1, 11001, '0000-00-00 00:00:00', '0000-00-00 00:00:00'),
(94, 22100046, '0000-00-00 00:00:00', 1, 11001, '0000-00-00 00:00:00', '0000-00-00 00:00:00'),
(95, 22200001, '0000-00-00 00:00:00', 1, 21002, '0000-00-00 00:00:00', '0000-00-00 00:00:00'),
(96, 22200002, '0000-00-00 00:00:00', 1, 21002, '0000-00-00 00:00:00', '0000-00-00 00:00:00'),
(97, 22200005, '0000-00-00 00:00:00', 1, 21002, '0000-00-00 00:00:00', '0000-00-00 00:00:00'),
(98, 22200006, '0000-00-00 00:00:00', 1, 21002, '0000-00-00 00:00:00', '0000-00-00 00:00:00'),
(99, 22200008, '0000-00-00 00:00:00', 1, 21002, '0000-00-00 00:00:00', '0000-00-00 00:00:00'),
(100, 22200009, '0000-00-00 00:00:00', 1, 21002, '0000-00-00 00:00:00', '0000-00-00 00:00:00'),
(101, 22200010, '0000-00-00 00:00:00', 4, 21002, '0000-00-00 00:00:00', '0000-00-00 00:00:00'),
(102, 22200011, '0000-00-00 00:00:00', 1, 21002, '0000-00-00 00:00:00', '0000-00-00 00:00:00'),
(103, 22200013, '0000-00-00 00:00:00', 1, 21002, '0000-00-00 00:00:00', '0000-00-00 00:00:00'),
(104, 22200014, '0000-00-00 00:00:00', 1, 21002, '0000-00-00 00:00:00', '0000-00-00 00:00:00'),
(105, 22200016, '0000-00-00 00:00:00', 1, 21002, '0000-00-00 00:00:00', '0000-00-00 00:00:00'),
(106, 22200017, '0000-00-00 00:00:00', 1, 21002, '0000-00-00 00:00:00', '0000-00-00 00:00:00'),
(107, 22200018, '0000-00-00 00:00:00', 1, 21002, '0000-00-00 00:00:00', '0000-00-00 00:00:00'),
(108, 22200019, '0000-00-00 00:00:00', 1, 21002, '0000-00-00 00:00:00', '0000-00-00 00:00:00'),
(109, 22200021, '0000-00-00 00:00:00', 1, 21002, '0000-00-00 00:00:00', '0000-00-00 00:00:00'),
(110, 22200022, '0000-00-00 00:00:00', 1, 21002, '0000-00-00 00:00:00', '0000-00-00 00:00:00'),
(111, 22200023, '0000-00-00 00:00:00', 1, 21002, '0000-00-00 00:00:00', '0000-00-00 00:00:00'),
(112, 22200025, '0000-00-00 00:00:00', 1, 21002, '0000-00-00 00:00:00', '0000-00-00 00:00:00'),
(113, 22200027, '0000-00-00 00:00:00', 3, 21002, '0000-00-00 00:00:00', '0000-00-00 00:00:00'),
(114, 22200028, '0000-00-00 00:00:00', 1, 21002, '0000-00-00 00:00:00', '0000-00-00 00:00:00'),
(115, 22200029, '0000-00-00 00:00:00', 1, 21002, '0000-00-00 00:00:00', '0000-00-00 00:00:00'),
(116, 22200030, '0000-00-00 00:00:00', 1, 21002, '0000-00-00 00:00:00', '0000-00-00 00:00:00'),
(117, 22200031, '0000-00-00 00:00:00', 1, 21002, '0000-00-00 00:00:00', '0000-00-00 00:00:00'),
(118, 22200032, '0000-00-00 00:00:00', 1, 21002, '0000-00-00 00:00:00', '0000-00-00 00:00:00'),
(119, 22200033, '0000-00-00 00:00:00', 1, 21002, '0000-00-00 00:00:00', '0000-00-00 00:00:00'),
(120, 22200034, '0000-00-00 00:00:00', 1, 21002, '0000-00-00 00:00:00', '0000-00-00 00:00:00'),
(121, 22200036, '0000-00-00 00:00:00', 1, 21002, '0000-00-00 00:00:00', '0000-00-00 00:00:00'),
(122, 22200037, '0000-00-00 00:00:00', 1, 21002, '0000-00-00 00:00:00', '0000-00-00 00:00:00'),
(123, 22200038, '0000-00-00 00:00:00', 1, 21002, '0000-00-00 00:00:00', '0000-00-00 00:00:00'),
(124, 22200041, '0000-00-00 00:00:00', 1, 21002, '0000-00-00 00:00:00', '0000-00-00 00:00:00'),
(125, 22200001, '0000-00-00 00:00:00', 1, 21003, '0000-00-00 00:00:00', '0000-00-00 00:00:00'),
(126, 22200002, '0000-00-00 00:00:00', 1, 21003, '0000-00-00 00:00:00', '0000-00-00 00:00:00'),
(127, 22200005, '0000-00-00 00:00:00', 1, 21003, '0000-00-00 00:00:00', '0000-00-00 00:00:00'),
(128, 22200006, '0000-00-00 00:00:00', 1, 21003, '0000-00-00 00:00:00', '0000-00-00 00:00:00'),
(129, 22200008, '0000-00-00 00:00:00', 1, 21003, '0000-00-00 00:00:00', '0000-00-00 00:00:00'),
(130, 22200009, '0000-00-00 00:00:00', 1, 21003, '0000-00-00 00:00:00', '0000-00-00 00:00:00'),
(131, 22200010, '0000-00-00 00:00:00', 4, 21003, '0000-00-00 00:00:00', '0000-00-00 00:00:00'),
(132, 22200011, '0000-00-00 00:00:00', 1, 21003, '0000-00-00 00:00:00', '0000-00-00 00:00:00'),
(133, 22200013, '0000-00-00 00:00:00', 1, 21003, '0000-00-00 00:00:00', '0000-00-00 00:00:00'),
(134, 22200014, '0000-00-00 00:00:00', 1, 21003, '0000-00-00 00:00:00', '0000-00-00 00:00:00'),
(135, 22200016, '0000-00-00 00:00:00', 1, 21003, '0000-00-00 00:00:00', '0000-00-00 00:00:00'),
(136, 22200017, '0000-00-00 00:00:00', 1, 21003, '0000-00-00 00:00:00', '0000-00-00 00:00:00'),
(137, 22200018, '0000-00-00 00:00:00', 1, 21003, '0000-00-00 00:00:00', '0000-00-00 00:00:00'),
(138, 22200019, '0000-00-00 00:00:00', 1, 21003, '0000-00-00 00:00:00', '0000-00-00 00:00:00'),
(139, 22200021, '0000-00-00 00:00:00', 1, 21003, '0000-00-00 00:00:00', '0000-00-00 00:00:00'),
(140, 22200022, '0000-00-00 00:00:00', 1, 21003, '0000-00-00 00:00:00', '0000-00-00 00:00:00'),
(141, 22200023, '0000-00-00 00:00:00', 1, 21003, '0000-00-00 00:00:00', '0000-00-00 00:00:00'),
(142, 22200025, '0000-00-00 00:00:00', 1, 21003, '0000-00-00 00:00:00', '0000-00-00 00:00:00'),
(143, 22200027, '0000-00-00 00:00:00', 1, 21003, '0000-00-00 00:00:00', '0000-00-00 00:00:00'),
(144, 22200028, '0000-00-00 00:00:00', 1, 21003, '0000-00-00 00:00:00', '0000-00-00 00:00:00'),
(145, 22200029, '0000-00-00 00:00:00', 1, 21003, '0000-00-00 00:00:00', '0000-00-00 00:00:00'),
(146, 22200030, '0000-00-00 00:00:00', 1, 21003, '0000-00-00 00:00:00', '0000-00-00 00:00:00'),
(147, 22200031, '0000-00-00 00:00:00', 1, 21003, '0000-00-00 00:00:00', '0000-00-00 00:00:00'),
(148, 22200032, '0000-00-00 00:00:00', 1, 21003, '0000-00-00 00:00:00', '0000-00-00 00:00:00'),
(149, 22200033, '0000-00-00 00:00:00', 1, 21003, '0000-00-00 00:00:00', '0000-00-00 00:00:00'),
(150, 22200034, '0000-00-00 00:00:00', 1, 21003, '0000-00-00 00:00:00', '0000-00-00 00:00:00'),
(151, 22200036, '0000-00-00 00:00:00', 1, 21003, '0000-00-00 00:00:00', '0000-00-00 00:00:00'),
(152, 22200037, '0000-00-00 00:00:00', 1, 21003, '0000-00-00 00:00:00', '0000-00-00 00:00:00'),
(153, 22200038, '0000-00-00 00:00:00', 1, 21003, '0000-00-00 00:00:00', '0000-00-00 00:00:00'),
(154, 22200041, '0000-00-00 00:00:00', 1, 21003, '0000-00-00 00:00:00', '0000-00-00 00:00:00'),
(155, 22300001, '0000-00-00 00:00:00', 1, 31002, '0000-00-00 00:00:00', '0000-00-00 00:00:00'),
(156, 22300002, '0000-00-00 00:00:00', 1, 31002, '0000-00-00 00:00:00', '0000-00-00 00:00:00'),
(157, 22300003, '0000-00-00 00:00:00', 1, 31002, '0000-00-00 00:00:00', '0000-00-00 00:00:00'),
(158, 22300004, '0000-00-00 00:00:00', 1, 31002, '0000-00-00 00:00:00', '0000-00-00 00:00:00'),
(159, 22300005, '0000-00-00 00:00:00', 1, 31002, '0000-00-00 00:00:00', '0000-00-00 00:00:00'),
(160, 22300006, '0000-00-00 00:00:00', 1, 31002, '0000-00-00 00:00:00', '0000-00-00 00:00:00'),
(161, 22300007, '0000-00-00 00:00:00', 1, 31002, '0000-00-00 00:00:00', '0000-00-00 00:00:00'),
(162, 22300008, '0000-00-00 00:00:00', 1, 31002, '0000-00-00 00:00:00', '0000-00-00 00:00:00'),
(163, 22300009, '0000-00-00 00:00:00', 1, 31002, '0000-00-00 00:00:00', '0000-00-00 00:00:00'),
(164, 22300011, '0000-00-00 00:00:00', 3, 31002, '0000-00-00 00:00:00', '0000-00-00 00:00:00'),
(165, 22300012, '0000-00-00 00:00:00', 1, 31002, '0000-00-00 00:00:00', '0000-00-00 00:00:00'),
(166, 22300015, '0000-00-00 00:00:00', 1, 31002, '0000-00-00 00:00:00', '0000-00-00 00:00:00'),
(167, 22300016, '0000-00-00 00:00:00', 1, 31002, '0000-00-00 00:00:00', '0000-00-00 00:00:00'),
(168, 22300017, '0000-00-00 00:00:00', 1, 31002, '0000-00-00 00:00:00', '0000-00-00 00:00:00'),
(169, 22300019, '0000-00-00 00:00:00', 1, 31002, '0000-00-00 00:00:00', '0000-00-00 00:00:00'),
(170, 22300020, '0000-00-00 00:00:00', 1, 31002, '0000-00-00 00:00:00', '0000-00-00 00:00:00'),
(171, 22300001, '0000-00-00 00:00:00', 1, 31003, '0000-00-00 00:00:00', '0000-00-00 00:00:00'),
(172, 22300002, '0000-00-00 00:00:00', 1, 31003, '0000-00-00 00:00:00', '0000-00-00 00:00:00'),
(173, 22300003, '0000-00-00 00:00:00', 1, 31003, '0000-00-00 00:00:00', '0000-00-00 00:00:00'),
(174, 22300004, '0000-00-00 00:00:00', 1, 31003, '0000-00-00 00:00:00', '0000-00-00 00:00:00'),
(175, 22300005, '0000-00-00 00:00:00', 1, 31003, '0000-00-00 00:00:00', '0000-00-00 00:00:00'),
(176, 22300006, '0000-00-00 00:00:00', 1, 31003, '0000-00-00 00:00:00', '0000-00-00 00:00:00'),
(177, 22300007, '0000-00-00 00:00:00', 1, 31003, '0000-00-00 00:00:00', '0000-00-00 00:00:00'),
(178, 22300008, '0000-00-00 00:00:00', 1, 31003, '0000-00-00 00:00:00', '0000-00-00 00:00:00'),
(179, 22300009, '0000-00-00 00:00:00', 1, 31003, '0000-00-00 00:00:00', '0000-00-00 00:00:00'),
(180, 22300011, '0000-00-00 00:00:00', 3, 31003, '0000-00-00 00:00:00', '0000-00-00 00:00:00'),
(181, 22300012, '0000-00-00 00:00:00', 1, 31003, '0000-00-00 00:00:00', '0000-00-00 00:00:00'),
(182, 22300015, '0000-00-00 00:00:00', 1, 31003, '0000-00-00 00:00:00', '0000-00-00 00:00:00'),
(183, 22300016, '0000-00-00 00:00:00', 1, 31003, '0000-00-00 00:00:00', '0000-00-00 00:00:00'),
(184, 22300017, '0000-00-00 00:00:00', 1, 31003, '0000-00-00 00:00:00', '0000-00-00 00:00:00'),
(185, 22300019, '0000-00-00 00:00:00', 1, 31003, '0000-00-00 00:00:00', '0000-00-00 00:00:00'),
(186, 22300020, '0000-00-00 00:00:00', 1, 31003, '0000-00-00 00:00:00', '0000-00-00 00:00:00'),
(187, 22100001, '0000-00-00 00:00:00', 1, 11002, '0000-00-00 00:00:00', '0000-00-00 00:00:00'),
(188, 22100002, '0000-00-00 00:00:00', 1, 11002, '0000-00-00 00:00:00', '0000-00-00 00:00:00'),
(189, 22100004, '0000-00-00 00:00:00', 1, 11002, '0000-00-00 00:00:00', '0000-00-00 00:00:00'),
(190, 22100006, '0000-00-00 00:00:00', 1, 11002, '0000-00-00 00:00:00', '0000-00-00 00:00:00'),
(191, 22100007, '0000-00-00 00:00:00', 1, 11002, '0000-00-00 00:00:00', '0000-00-00 00:00:00'),
(192, 22100008, '0000-00-00 00:00:00', 1, 11002, '0000-00-00 00:00:00', '0000-00-00 00:00:00'),
(193, 22100009, '0000-00-00 00:00:00', 1, 11002, '0000-00-00 00:00:00', '0000-00-00 00:00:00'),
(194, 22100010, '0000-00-00 00:00:00', 1, 11002, '0000-00-00 00:00:00', '0000-00-00 00:00:00'),
(195, 22100012, '0000-00-00 00:00:00', 1, 11002, '0000-00-00 00:00:00', '0000-00-00 00:00:00'),
(196, 22100013, '0000-00-00 00:00:00', 1, 11002, '0000-00-00 00:00:00', '0000-00-00 00:00:00'),
(197, 22100014, '0000-00-00 00:00:00', 1, 11002, '0000-00-00 00:00:00', '0000-00-00 00:00:00'),
(198, 22100019, '0000-00-00 00:00:00', 1, 11002, '0000-00-00 00:00:00', '0000-00-00 00:00:00'),
(199, 22100026, '0000-00-00 00:00:00', 1, 11002, '0000-00-00 00:00:00', '0000-00-00 00:00:00'),
(200, 22100037, '0000-00-00 00:00:00', 1, 11002, '0000-00-00 00:00:00', '0000-00-00 00:00:00'),
(201, 22100042, '0000-00-00 00:00:00', 2, 11002, '0000-00-00 00:00:00', '0000-00-00 00:00:00'),
(202, 22100044, '0000-00-00 00:00:00', 1, 11002, '0000-00-00 00:00:00', '0000-00-00 00:00:00'),
(203, 22100045, '0000-00-00 00:00:00', 1, 11002, '0000-00-00 00:00:00', '0000-00-00 00:00:00'),
(204, 22100046, '0000-00-00 00:00:00', 1, 11002, '0000-00-00 00:00:00', '0000-00-00 00:00:00'),
(205, 22100015, '0000-00-00 00:00:00', 1, 12003, '0000-00-00 00:00:00', '0000-00-00 00:00:00'),
(206, 22100016, '0000-00-00 00:00:00', 1, 12003, '0000-00-00 00:00:00', '0000-00-00 00:00:00'),
(207, 22100017, '0000-00-00 00:00:00', 1, 12003, '0000-00-00 00:00:00', '0000-00-00 00:00:00'),
(208, 22100018, '0000-00-00 00:00:00', 1, 12003, '0000-00-00 00:00:00', '0000-00-00 00:00:00'),
(209, 22100020, '0000-00-00 00:00:00', 1, 12003, '0000-00-00 00:00:00', '0000-00-00 00:00:00'),
(210, 22100023, '0000-00-00 00:00:00', 1, 12003, '0000-00-00 00:00:00', '0000-00-00 00:00:00'),
(211, 22100024, '0000-00-00 00:00:00', 1, 12003, '0000-00-00 00:00:00', '0000-00-00 00:00:00'),
(212, 22100027, '0000-00-00 00:00:00', 1, 12003, '0000-00-00 00:00:00', '0000-00-00 00:00:00'),
(213, 22100030, '0000-00-00 00:00:00', 1, 12003, '0000-00-00 00:00:00', '0000-00-00 00:00:00'),
(214, 22100031, '0000-00-00 00:00:00', 1, 12003, '0000-00-00 00:00:00', '0000-00-00 00:00:00'),
(215, 22100032, '0000-00-00 00:00:00', 1, 12003, '0000-00-00 00:00:00', '0000-00-00 00:00:00'),
(216, 22100033, '0000-00-00 00:00:00', 1, 12003, '0000-00-00 00:00:00', '0000-00-00 00:00:00'),
(217, 22100034, '0000-00-00 00:00:00', 1, 12003, '0000-00-00 00:00:00', '0000-00-00 00:00:00'),
(218, 22100035, '0000-00-00 00:00:00', 1, 12003, '0000-00-00 00:00:00', '0000-00-00 00:00:00'),
(219, 22100036, '0000-00-00 00:00:00', 1, 12003, '0000-00-00 00:00:00', '0000-00-00 00:00:00'),
(220, 22100001, '0000-00-00 00:00:00', 1, 11003, '0000-00-00 00:00:00', '0000-00-00 00:00:00'),
(221, 22100002, '0000-00-00 00:00:00', 1, 11003, '0000-00-00 00:00:00', '0000-00-00 00:00:00'),
(222, 22100004, '0000-00-00 00:00:00', 1, 11003, '0000-00-00 00:00:00', '0000-00-00 00:00:00'),
(223, 22100006, '0000-00-00 00:00:00', 1, 11003, '0000-00-00 00:00:00', '0000-00-00 00:00:00'),
(224, 22100007, '0000-00-00 00:00:00', 1, 11003, '0000-00-00 00:00:00', '0000-00-00 00:00:00'),
(225, 22100008, '0000-00-00 00:00:00', 1, 11003, '0000-00-00 00:00:00', '0000-00-00 00:00:00'),
(226, 22100009, '0000-00-00 00:00:00', 1, 11003, '0000-00-00 00:00:00', '0000-00-00 00:00:00'),
(227, 22100010, '0000-00-00 00:00:00', 1, 11003, '0000-00-00 00:00:00', '0000-00-00 00:00:00'),
(228, 22100012, '0000-00-00 00:00:00', 1, 11003, '0000-00-00 00:00:00', '0000-00-00 00:00:00'),
(229, 22100013, '0000-00-00 00:00:00', 1, 11003, '0000-00-00 00:00:00', '0000-00-00 00:00:00'),
(230, 22100014, '0000-00-00 00:00:00', 1, 11003, '0000-00-00 00:00:00', '0000-00-00 00:00:00'),
(231, 22100019, '0000-00-00 00:00:00', 1, 11003, '0000-00-00 00:00:00', '0000-00-00 00:00:00'),
(232, 22100026, '0000-00-00 00:00:00', 1, 11003, '0000-00-00 00:00:00', '0000-00-00 00:00:00'),
(233, 22100037, '0000-00-00 00:00:00', 1, 11003, '0000-00-00 00:00:00', '0000-00-00 00:00:00'),
(234, 22100042, '0000-00-00 00:00:00', 2, 11003, '0000-00-00 00:00:00', '0000-00-00 00:00:00'),
(235, 22100044, '0000-00-00 00:00:00', 1, 11003, '0000-00-00 00:00:00', '0000-00-00 00:00:00'),
(236, 22100045, '0000-00-00 00:00:00', 1, 11003, '0000-00-00 00:00:00', '0000-00-00 00:00:00'),
(237, 22100046, '0000-00-00 00:00:00', 1, 11003, '0000-00-00 00:00:00', '0000-00-00 00:00:00'),
(238, 22100015, '0000-00-00 00:00:00', 1, 12004, '0000-00-00 00:00:00', '0000-00-00 00:00:00'),
(239, 22100016, '0000-00-00 00:00:00', 1, 12004, '0000-00-00 00:00:00', '0000-00-00 00:00:00'),
(240, 22100017, '0000-00-00 00:00:00', 1, 12004, '0000-00-00 00:00:00', '0000-00-00 00:00:00'),
(241, 22100018, '0000-00-00 00:00:00', 1, 12004, '0000-00-00 00:00:00', '0000-00-00 00:00:00'),
(242, 22100020, '0000-00-00 00:00:00', 1, 12004, '0000-00-00 00:00:00', '0000-00-00 00:00:00'),
(243, 22100023, '0000-00-00 00:00:00', 1, 12004, '0000-00-00 00:00:00', '0000-00-00 00:00:00'),
(244, 22100024, '0000-00-00 00:00:00', 1, 12004, '0000-00-00 00:00:00', '0000-00-00 00:00:00'),
(245, 22100027, '0000-00-00 00:00:00', 1, 12004, '0000-00-00 00:00:00', '0000-00-00 00:00:00'),
(246, 22100030, '0000-00-00 00:00:00', 1, 12004, '0000-00-00 00:00:00', '0000-00-00 00:00:00'),
(247, 22100031, '0000-00-00 00:00:00', 1, 12004, '0000-00-00 00:00:00', '0000-00-00 00:00:00'),
(248, 22100032, '0000-00-00 00:00:00', 1, 12004, '0000-00-00 00:00:00', '0000-00-00 00:00:00'),
(249, 22100033, '0000-00-00 00:00:00', 1, 12004, '0000-00-00 00:00:00', '0000-00-00 00:00:00'),
(250, 22100034, '0000-00-00 00:00:00', 1, 12004, '0000-00-00 00:00:00', '0000-00-00 00:00:00'),
(251, 22100035, '0000-00-00 00:00:00', 1, 12004, '0000-00-00 00:00:00', '0000-00-00 00:00:00'),
(252, 22100036, '0000-00-00 00:00:00', 1, 12004, '0000-00-00 00:00:00', '0000-00-00 00:00:00'),
(253, 22200001, '0000-00-00 00:00:00', 1, 21004, '0000-00-00 00:00:00', '0000-00-00 00:00:00'),
(254, 22200002, '0000-00-00 00:00:00', 1, 21004, '0000-00-00 00:00:00', '0000-00-00 00:00:00'),
(255, 22200005, '0000-00-00 00:00:00', 1, 21004, '0000-00-00 00:00:00', '0000-00-00 00:00:00'),
(256, 22200006, '0000-00-00 00:00:00', 1, 21004, '0000-00-00 00:00:00', '0000-00-00 00:00:00'),
(257, 22200008, '0000-00-00 00:00:00', 1, 21004, '0000-00-00 00:00:00', '0000-00-00 00:00:00'),
(258, 22200009, '0000-00-00 00:00:00', 1, 21004, '0000-00-00 00:00:00', '0000-00-00 00:00:00'),
(259, 22200010, '0000-00-00 00:00:00', 1, 21004, '0000-00-00 00:00:00', '0000-00-00 00:00:00'),
(260, 22200011, '0000-00-00 00:00:00', 1, 21004, '0000-00-00 00:00:00', '0000-00-00 00:00:00'),
(261, 22200013, '0000-00-00 00:00:00', 1, 21004, '0000-00-00 00:00:00', '0000-00-00 00:00:00'),
(262, 22200014, '0000-00-00 00:00:00', 1, 21004, '0000-00-00 00:00:00', '0000-00-00 00:00:00'),
(263, 22200016, '0000-00-00 00:00:00', 1, 21004, '0000-00-00 00:00:00', '0000-00-00 00:00:00'),
(264, 22200017, '0000-00-00 00:00:00', 1, 21004, '0000-00-00 00:00:00', '0000-00-00 00:00:00'),
(265, 22200018, '0000-00-00 00:00:00', 1, 21004, '0000-00-00 00:00:00', '0000-00-00 00:00:00'),
(266, 22200019, '0000-00-00 00:00:00', 1, 21004, '0000-00-00 00:00:00', '0000-00-00 00:00:00'),
(267, 22200021, '0000-00-00 00:00:00', 1, 21004, '0000-00-00 00:00:00', '0000-00-00 00:00:00'),
(268, 22200022, '0000-00-00 00:00:00', 1, 21004, '0000-00-00 00:00:00', '0000-00-00 00:00:00'),
(269, 22200023, '0000-00-00 00:00:00', 1, 21004, '0000-00-00 00:00:00', '0000-00-00 00:00:00'),
(270, 22200025, '0000-00-00 00:00:00', 1, 21004, '0000-00-00 00:00:00', '0000-00-00 00:00:00'),
(271, 22200027, '0000-00-00 00:00:00', 1, 21004, '0000-00-00 00:00:00', '0000-00-00 00:00:00'),
(272, 22200028, '0000-00-00 00:00:00', 1, 21004, '0000-00-00 00:00:00', '0000-00-00 00:00:00'),
(273, 22200029, '0000-00-00 00:00:00', 1, 21004, '0000-00-00 00:00:00', '0000-00-00 00:00:00'),
(274, 22200030, '0000-00-00 00:00:00', 1, 21004, '0000-00-00 00:00:00', '0000-00-00 00:00:00'),
(275, 22200031, '0000-00-00 00:00:00', 1, 21004, '0000-00-00 00:00:00', '0000-00-00 00:00:00'),
(276, 22200032, '0000-00-00 00:00:00', 1, 21004, '0000-00-00 00:00:00', '0000-00-00 00:00:00'),
(277, 22200033, '0000-00-00 00:00:00', 1, 21004, '0000-00-00 00:00:00', '0000-00-00 00:00:00'),
(278, 22200034, '0000-00-00 00:00:00', 1, 21004, '0000-00-00 00:00:00', '0000-00-00 00:00:00'),
(279, 22200036, '0000-00-00 00:00:00', 1, 21004, '0000-00-00 00:00:00', '0000-00-00 00:00:00'),
(280, 22200037, '0000-00-00 00:00:00', 1, 21004, '0000-00-00 00:00:00', '0000-00-00 00:00:00'),
(281, 22200038, '0000-00-00 00:00:00', 1, 21004, '0000-00-00 00:00:00', '0000-00-00 00:00:00'),
(282, 22200041, '0000-00-00 00:00:00', 1, 21004, '0000-00-00 00:00:00', '0000-00-00 00:00:00'),
(283, 22300001, '0000-00-00 00:00:00', 1, 31004, '0000-00-00 00:00:00', '0000-00-00 00:00:00'),
(284, 22300002, '0000-00-00 00:00:00', 3, 31004, '0000-00-00 00:00:00', '0000-00-00 00:00:00'),
(285, 22300003, '0000-00-00 00:00:00', 1, 31004, '0000-00-00 00:00:00', '0000-00-00 00:00:00'),
(286, 22300004, '0000-00-00 00:00:00', 1, 31004, '0000-00-00 00:00:00', '0000-00-00 00:00:00'),
(287, 22300005, '0000-00-00 00:00:00', 1, 31004, '0000-00-00 00:00:00', '0000-00-00 00:00:00'),
(288, 22300006, '0000-00-00 00:00:00', 1, 31004, '0000-00-00 00:00:00', '0000-00-00 00:00:00'),
(289, 22300007, '0000-00-00 00:00:00', 1, 31004, '0000-00-00 00:00:00', '0000-00-00 00:00:00'),
(290, 22300008, '0000-00-00 00:00:00', 1, 31004, '0000-00-00 00:00:00', '0000-00-00 00:00:00'),
(291, 22300009, '0000-00-00 00:00:00', 1, 31004, '0000-00-00 00:00:00', '0000-00-00 00:00:00'),
(292, 22300011, '0000-00-00 00:00:00', 1, 31004, '0000-00-00 00:00:00', '0000-00-00 00:00:00'),
(293, 22300012, '0000-00-00 00:00:00', 1, 31004, '0000-00-00 00:00:00', '0000-00-00 00:00:00'),
(294, 22300015, '0000-00-00 00:00:00', 2, 31004, '0000-00-00 00:00:00', '0000-00-00 00:00:00'),
(295, 22300016, '0000-00-00 00:00:00', 2, 31004, '0000-00-00 00:00:00', '0000-00-00 00:00:00'),
(296, 22300017, '0000-00-00 00:00:00', 1, 31004, '0000-00-00 00:00:00', '0000-00-00 00:00:00'),
(297, 22300019, '0000-00-00 00:00:00', 1, 31004, '0000-00-00 00:00:00', '0000-00-00 00:00:00'),
(298, 22300020, '0000-00-00 00:00:00', 1, 31004, '0000-00-00 00:00:00', '0000-00-00 00:00:00'),
(299, 22300001, '0000-00-00 00:00:00', 1, 31005, '0000-00-00 00:00:00', '0000-00-00 00:00:00'),
(300, 22300002, '0000-00-00 00:00:00', 3, 31005, '0000-00-00 00:00:00', '0000-00-00 00:00:00'),
(301, 22300003, '0000-00-00 00:00:00', 1, 31005, '0000-00-00 00:00:00', '0000-00-00 00:00:00'),
(302, 22300004, '0000-00-00 00:00:00', 1, 31005, '0000-00-00 00:00:00', '0000-00-00 00:00:00'),
(303, 22300005, '0000-00-00 00:00:00', 1, 31005, '0000-00-00 00:00:00', '0000-00-00 00:00:00'),
(304, 22300006, '0000-00-00 00:00:00', 1, 31005, '0000-00-00 00:00:00', '0000-00-00 00:00:00'),
(305, 22300007, '0000-00-00 00:00:00', 1, 31005, '0000-00-00 00:00:00', '0000-00-00 00:00:00'),
(306, 22300008, '0000-00-00 00:00:00', 1, 31005, '0000-00-00 00:00:00', '0000-00-00 00:00:00'),
(307, 22300009, '0000-00-00 00:00:00', 1, 31005, '0000-00-00 00:00:00', '0000-00-00 00:00:00'),
(308, 22300011, '0000-00-00 00:00:00', 1, 31005, '0000-00-00 00:00:00', '0000-00-00 00:00:00'),
(309, 22300012, '0000-00-00 00:00:00', 1, 31005, '0000-00-00 00:00:00', '0000-00-00 00:00:00'),
(310, 22300015, '0000-00-00 00:00:00', 2, 31005, '0000-00-00 00:00:00', '0000-00-00 00:00:00'),
(311, 22300016, '0000-00-00 00:00:00', 2, 31005, '0000-00-00 00:00:00', '0000-00-00 00:00:00'),
(312, 22300017, '0000-00-00 00:00:00', 1, 31005, '0000-00-00 00:00:00', '0000-00-00 00:00:00'),
(313, 22300019, '0000-00-00 00:00:00', 1, 31005, '0000-00-00 00:00:00', '0000-00-00 00:00:00'),
(314, 22300020, '0000-00-00 00:00:00', 1, 31005, '0000-00-00 00:00:00', '0000-00-00 00:00:00'),
(315, 22100001, '0000-00-00 00:00:00', 1, 11004, '0000-00-00 00:00:00', '0000-00-00 00:00:00'),
(316, 22100002, '0000-00-00 00:00:00', 1, 11004, '0000-00-00 00:00:00', '0000-00-00 00:00:00'),
(317, 22100004, '0000-00-00 00:00:00', 1, 11004, '0000-00-00 00:00:00', '0000-00-00 00:00:00'),
(318, 22100006, '0000-00-00 00:00:00', 1, 11004, '0000-00-00 00:00:00', '0000-00-00 00:00:00'),
(319, 22100007, '0000-00-00 00:00:00', 1, 11004, '0000-00-00 00:00:00', '0000-00-00 00:00:00'),
(320, 22100008, '0000-00-00 00:00:00', 1, 11004, '0000-00-00 00:00:00', '0000-00-00 00:00:00'),
(321, 22100009, '0000-00-00 00:00:00', 1, 11004, '0000-00-00 00:00:00', '0000-00-00 00:00:00'),
(322, 22100010, '0000-00-00 00:00:00', 1, 11004, '0000-00-00 00:00:00', '0000-00-00 00:00:00'),
(323, 22100012, '0000-00-00 00:00:00', 1, 11004, '0000-00-00 00:00:00', '0000-00-00 00:00:00'),
(324, 22100013, '0000-00-00 00:00:00', 1, 11004, '0000-00-00 00:00:00', '0000-00-00 00:00:00'),
(325, 22100014, '0000-00-00 00:00:00', 1, 11004, '0000-00-00 00:00:00', '0000-00-00 00:00:00'),
(326, 22100019, '0000-00-00 00:00:00', 1, 11004, '0000-00-00 00:00:00', '0000-00-00 00:00:00'),
(327, 22100026, '0000-00-00 00:00:00', 1, 11004, '0000-00-00 00:00:00', '0000-00-00 00:00:00'),
(328, 22100037, '0000-00-00 00:00:00', 1, 11004, '0000-00-00 00:00:00', '0000-00-00 00:00:00'),
(329, 22100042, '0000-00-00 00:00:00', 1, 11004, '0000-00-00 00:00:00', '0000-00-00 00:00:00'),
(330, 22100044, '0000-00-00 00:00:00', 1, 11004, '0000-00-00 00:00:00', '0000-00-00 00:00:00'),
(331, 22100045, '0000-00-00 00:00:00', 1, 11004, '0000-00-00 00:00:00', '0000-00-00 00:00:00'),
(332, 22100046, '0000-00-00 00:00:00', 1, 11004, '0000-00-00 00:00:00', '0000-00-00 00:00:00'),
(333, 22100015, '0000-00-00 00:00:00', 1, 12005, '0000-00-00 00:00:00', '0000-00-00 00:00:00'),
(334, 22100016, '0000-00-00 00:00:00', 1, 12005, '0000-00-00 00:00:00', '0000-00-00 00:00:00'),
(335, 22100017, '0000-00-00 00:00:00', 1, 12005, '0000-00-00 00:00:00', '0000-00-00 00:00:00'),
(336, 22100018, '0000-00-00 00:00:00', 1, 12005, '0000-00-00 00:00:00', '0000-00-00 00:00:00'),
(337, 22100020, '0000-00-00 00:00:00', 1, 12005, '0000-00-00 00:00:00', '0000-00-00 00:00:00'),
(338, 22100023, '0000-00-00 00:00:00', 1, 12005, '0000-00-00 00:00:00', '0000-00-00 00:00:00'),
(339, 22100024, '0000-00-00 00:00:00', 1, 12005, '0000-00-00 00:00:00', '0000-00-00 00:00:00'),
(340, 22100027, '0000-00-00 00:00:00', 1, 12005, '0000-00-00 00:00:00', '0000-00-00 00:00:00'),
(341, 22100030, '0000-00-00 00:00:00', 1, 12005, '0000-00-00 00:00:00', '0000-00-00 00:00:00'),
(342, 22100031, '0000-00-00 00:00:00', 1, 12005, '0000-00-00 00:00:00', '0000-00-00 00:00:00'),
(343, 22100032, '0000-00-00 00:00:00', 1, 12005, '0000-00-00 00:00:00', '0000-00-00 00:00:00'),
(344, 22100033, '0000-00-00 00:00:00', 1, 12005, '0000-00-00 00:00:00', '0000-00-00 00:00:00'),
(345, 22100034, '0000-00-00 00:00:00', 1, 12005, '0000-00-00 00:00:00', '0000-00-00 00:00:00'),
(346, 22100035, '0000-00-00 00:00:00', 1, 12005, '0000-00-00 00:00:00', '0000-00-00 00:00:00'),
(347, 22100036, '0000-00-00 00:00:00', 1, 12005, '0000-00-00 00:00:00', '0000-00-00 00:00:00'),
(348, 22100001, '0000-00-00 00:00:00', 1, 11005, '0000-00-00 00:00:00', '0000-00-00 00:00:00'),
(349, 22100002, '0000-00-00 00:00:00', 1, 11005, '0000-00-00 00:00:00', '0000-00-00 00:00:00'),
(350, 22100004, '0000-00-00 00:00:00', 1, 11005, '0000-00-00 00:00:00', '0000-00-00 00:00:00'),
(351, 22100006, '0000-00-00 00:00:00', 1, 11005, '0000-00-00 00:00:00', '0000-00-00 00:00:00'),
(352, 22100007, '0000-00-00 00:00:00', 1, 11005, '0000-00-00 00:00:00', '0000-00-00 00:00:00'),
(353, 22100008, '0000-00-00 00:00:00', 1, 11005, '0000-00-00 00:00:00', '0000-00-00 00:00:00'),
(354, 22100009, '0000-00-00 00:00:00', 1, 11005, '0000-00-00 00:00:00', '0000-00-00 00:00:00'),
(355, 22100010, '0000-00-00 00:00:00', 1, 11005, '0000-00-00 00:00:00', '0000-00-00 00:00:00'),
(356, 22100012, '0000-00-00 00:00:00', 1, 11005, '0000-00-00 00:00:00', '0000-00-00 00:00:00'),
(357, 22100013, '0000-00-00 00:00:00', 1, 11005, '0000-00-00 00:00:00', '0000-00-00 00:00:00'),
(358, 22100014, '0000-00-00 00:00:00', 1, 11005, '0000-00-00 00:00:00', '0000-00-00 00:00:00'),
(359, 22100019, '0000-00-00 00:00:00', 1, 11005, '0000-00-00 00:00:00', '0000-00-00 00:00:00'),
(360, 22100026, '0000-00-00 00:00:00', 1, 11005, '0000-00-00 00:00:00', '0000-00-00 00:00:00'),
(361, 22100037, '0000-00-00 00:00:00', 1, 11005, '0000-00-00 00:00:00', '0000-00-00 00:00:00'),
(362, 22100042, '0000-00-00 00:00:00', 1, 11005, '0000-00-00 00:00:00', '0000-00-00 00:00:00'),
(363, 22100044, '0000-00-00 00:00:00', 1, 11005, '0000-00-00 00:00:00', '0000-00-00 00:00:00'),
(364, 22100045, '0000-00-00 00:00:00', 1, 11005, '0000-00-00 00:00:00', '0000-00-00 00:00:00'),
(365, 22100046, '0000-00-00 00:00:00', 1, 11005, '0000-00-00 00:00:00', '0000-00-00 00:00:00'),
(366, 22200001, '0000-00-00 00:00:00', 1, 21005, '0000-00-00 00:00:00', '0000-00-00 00:00:00'),
(367, 22200002, '0000-00-00 00:00:00', 1, 21005, '0000-00-00 00:00:00', '0000-00-00 00:00:00'),
(368, 22200005, '0000-00-00 00:00:00', 1, 21005, '0000-00-00 00:00:00', '0000-00-00 00:00:00'),
(369, 22200006, '0000-00-00 00:00:00', 1, 21005, '0000-00-00 00:00:00', '0000-00-00 00:00:00'),
(370, 22200008, '0000-00-00 00:00:00', 1, 21005, '0000-00-00 00:00:00', '0000-00-00 00:00:00'),
(371, 22200009, '0000-00-00 00:00:00', 1, 21005, '0000-00-00 00:00:00', '0000-00-00 00:00:00'),
(372, 22200010, '0000-00-00 00:00:00', 1, 21005, '0000-00-00 00:00:00', '0000-00-00 00:00:00'),
(373, 22200011, '0000-00-00 00:00:00', 1, 21005, '0000-00-00 00:00:00', '0000-00-00 00:00:00'),
(374, 22200013, '0000-00-00 00:00:00', 1, 21005, '0000-00-00 00:00:00', '0000-00-00 00:00:00'),
(375, 22200014, '0000-00-00 00:00:00', 1, 21005, '0000-00-00 00:00:00', '0000-00-00 00:00:00'),
(376, 22200016, '0000-00-00 00:00:00', 1, 21005, '0000-00-00 00:00:00', '0000-00-00 00:00:00'),
(377, 22200017, '0000-00-00 00:00:00', 1, 21005, '0000-00-00 00:00:00', '0000-00-00 00:00:00'),
(378, 22200018, '0000-00-00 00:00:00', 1, 21005, '0000-00-00 00:00:00', '0000-00-00 00:00:00'),
(379, 22200019, '0000-00-00 00:00:00', 1, 21005, '0000-00-00 00:00:00', '0000-00-00 00:00:00'),
(380, 22200021, '0000-00-00 00:00:00', 1, 21005, '0000-00-00 00:00:00', '0000-00-00 00:00:00'),
(381, 22200022, '0000-00-00 00:00:00', 1, 21005, '0000-00-00 00:00:00', '0000-00-00 00:00:00'),
(382, 22200023, '0000-00-00 00:00:00', 1, 21005, '0000-00-00 00:00:00', '0000-00-00 00:00:00'),
(383, 22200025, '0000-00-00 00:00:00', 1, 21005, '0000-00-00 00:00:00', '0000-00-00 00:00:00'),
(384, 22200027, '0000-00-00 00:00:00', 1, 21005, '0000-00-00 00:00:00', '0000-00-00 00:00:00'),
(385, 22200028, '0000-00-00 00:00:00', 1, 21005, '0000-00-00 00:00:00', '0000-00-00 00:00:00'),
(386, 22200029, '0000-00-00 00:00:00', 1, 21005, '0000-00-00 00:00:00', '0000-00-00 00:00:00'),
(387, 22200030, '0000-00-00 00:00:00', 1, 21005, '0000-00-00 00:00:00', '0000-00-00 00:00:00'),
(388, 22200031, '0000-00-00 00:00:00', 3, 21005, '0000-00-00 00:00:00', '0000-00-00 00:00:00'),
(389, 22200032, '0000-00-00 00:00:00', 1, 21005, '0000-00-00 00:00:00', '0000-00-00 00:00:00'),
(390, 22200033, '0000-00-00 00:00:00', 1, 21005, '0000-00-00 00:00:00', '0000-00-00 00:00:00'),
(391, 22200034, '0000-00-00 00:00:00', 1, 21005, '0000-00-00 00:00:00', '0000-00-00 00:00:00'),
(392, 22200036, '0000-00-00 00:00:00', 1, 21005, '0000-00-00 00:00:00', '0000-00-00 00:00:00'),
(393, 22200037, '0000-00-00 00:00:00', 1, 21005, '0000-00-00 00:00:00', '0000-00-00 00:00:00'),
(394, 22200038, '0000-00-00 00:00:00', 1, 21005, '0000-00-00 00:00:00', '0000-00-00 00:00:00'),
(395, 22200041, '0000-00-00 00:00:00', 2, 21005, '0000-00-00 00:00:00', '0000-00-00 00:00:00'),
(396, 22200001, '0000-00-00 00:00:00', 1, 21006, '0000-00-00 00:00:00', '0000-00-00 00:00:00'),
(397, 22200002, '0000-00-00 00:00:00', 1, 21006, '0000-00-00 00:00:00', '0000-00-00 00:00:00'),
(398, 22200005, '0000-00-00 00:00:00', 1, 21006, '0000-00-00 00:00:00', '0000-00-00 00:00:00'),
(399, 22200006, '0000-00-00 00:00:00', 1, 21006, '0000-00-00 00:00:00', '0000-00-00 00:00:00'),
(400, 22200008, '0000-00-00 00:00:00', 1, 21006, '0000-00-00 00:00:00', '0000-00-00 00:00:00'),
(401, 22200009, '0000-00-00 00:00:00', 1, 21006, '0000-00-00 00:00:00', '0000-00-00 00:00:00'),
(402, 22200010, '0000-00-00 00:00:00', 1, 21006, '0000-00-00 00:00:00', '0000-00-00 00:00:00'),
(403, 22200011, '0000-00-00 00:00:00', 1, 21006, '0000-00-00 00:00:00', '0000-00-00 00:00:00'),
(404, 22200013, '0000-00-00 00:00:00', 1, 21006, '0000-00-00 00:00:00', '0000-00-00 00:00:00'),
(405, 22200014, '0000-00-00 00:00:00', 1, 21006, '0000-00-00 00:00:00', '0000-00-00 00:00:00'),
(406, 22200016, '0000-00-00 00:00:00', 1, 21006, '0000-00-00 00:00:00', '0000-00-00 00:00:00'),
(407, 22200017, '0000-00-00 00:00:00', 1, 21006, '0000-00-00 00:00:00', '0000-00-00 00:00:00'),
(408, 22200018, '0000-00-00 00:00:00', 1, 21006, '0000-00-00 00:00:00', '0000-00-00 00:00:00'),
(409, 22200019, '0000-00-00 00:00:00', 1, 21006, '0000-00-00 00:00:00', '0000-00-00 00:00:00'),
(410, 22200021, '0000-00-00 00:00:00', 1, 21006, '0000-00-00 00:00:00', '0000-00-00 00:00:00'),
(411, 22200022, '0000-00-00 00:00:00', 1, 21006, '0000-00-00 00:00:00', '0000-00-00 00:00:00'),
(412, 22200023, '0000-00-00 00:00:00', 1, 21006, '0000-00-00 00:00:00', '0000-00-00 00:00:00'),
(413, 22200025, '0000-00-00 00:00:00', 1, 21006, '0000-00-00 00:00:00', '0000-00-00 00:00:00'),
(414, 22200027, '0000-00-00 00:00:00', 1, 21006, '0000-00-00 00:00:00', '0000-00-00 00:00:00'),
(415, 22200028, '0000-00-00 00:00:00', 1, 21006, '0000-00-00 00:00:00', '0000-00-00 00:00:00'),
(416, 22200029, '0000-00-00 00:00:00', 1, 21006, '0000-00-00 00:00:00', '0000-00-00 00:00:00'),
(417, 22200030, '0000-00-00 00:00:00', 1, 21006, '0000-00-00 00:00:00', '0000-00-00 00:00:00'),
(418, 22200031, '0000-00-00 00:00:00', 3, 21006, '0000-00-00 00:00:00', '0000-00-00 00:00:00'),
(419, 22200032, '0000-00-00 00:00:00', 1, 21006, '0000-00-00 00:00:00', '0000-00-00 00:00:00'),
(420, 22200033, '0000-00-00 00:00:00', 1, 21006, '0000-00-00 00:00:00', '0000-00-00 00:00:00'),
(421, 22200034, '0000-00-00 00:00:00', 1, 21006, '0000-00-00 00:00:00', '0000-00-00 00:00:00'),
(422, 22200036, '0000-00-00 00:00:00', 1, 21006, '0000-00-00 00:00:00', '0000-00-00 00:00:00'),
(423, 22200037, '0000-00-00 00:00:00', 1, 21006, '0000-00-00 00:00:00', '0000-00-00 00:00:00'),
(424, 22200038, '0000-00-00 00:00:00', 1, 21006, '0000-00-00 00:00:00', '0000-00-00 00:00:00'),
(425, 22200041, '0000-00-00 00:00:00', 1, 21006, '0000-00-00 00:00:00', '0000-00-00 00:00:00'),
(426, 22300001, '0000-00-00 00:00:00', 1, 31006, '0000-00-00 00:00:00', '0000-00-00 00:00:00'),
(427, 22300002, '0000-00-00 00:00:00', 1, 31006, '0000-00-00 00:00:00', '0000-00-00 00:00:00'),
(428, 22300003, '0000-00-00 00:00:00', 3, 31006, '0000-00-00 00:00:00', '0000-00-00 00:00:00'),
(429, 22300004, '0000-00-00 00:00:00', 3, 31006, '0000-00-00 00:00:00', '0000-00-00 00:00:00'),
(430, 22300005, '0000-00-00 00:00:00', 1, 31006, '0000-00-00 00:00:00', '0000-00-00 00:00:00'),
(431, 22300006, '0000-00-00 00:00:00', 1, 31006, '0000-00-00 00:00:00', '0000-00-00 00:00:00'),
(432, 22300007, '0000-00-00 00:00:00', 1, 31006, '0000-00-00 00:00:00', '0000-00-00 00:00:00'),
(433, 22300008, '0000-00-00 00:00:00', 1, 31006, '0000-00-00 00:00:00', '0000-00-00 00:00:00'),
(434, 22300009, '0000-00-00 00:00:00', 1, 31006, '0000-00-00 00:00:00', '0000-00-00 00:00:00'),
(435, 22300011, '0000-00-00 00:00:00', 1, 31006, '0000-00-00 00:00:00', '0000-00-00 00:00:00'),
(436, 22300012, '0000-00-00 00:00:00', 1, 31006, '0000-00-00 00:00:00', '0000-00-00 00:00:00'),
(437, 22300015, '0000-00-00 00:00:00', 1, 31006, '0000-00-00 00:00:00', '0000-00-00 00:00:00'),
(438, 22300016, '0000-00-00 00:00:00', 1, 31006, '0000-00-00 00:00:00', '0000-00-00 00:00:00'),
(439, 22300017, '0000-00-00 00:00:00', 1, 31006, '0000-00-00 00:00:00', '0000-00-00 00:00:00'),
(440, 22300019, '0000-00-00 00:00:00', 1, 31006, '0000-00-00 00:00:00', '0000-00-00 00:00:00'),
(441, 22300020, '0000-00-00 00:00:00', 1, 31006, '0000-00-00 00:00:00', '0000-00-00 00:00:00'),
(442, 22100001, '0000-00-00 00:00:00', 1, 11006, '0000-00-00 00:00:00', '0000-00-00 00:00:00'),
(443, 22100002, '0000-00-00 00:00:00', 1, 11006, '0000-00-00 00:00:00', '0000-00-00 00:00:00'),
(444, 22100004, '0000-00-00 00:00:00', 1, 11006, '0000-00-00 00:00:00', '0000-00-00 00:00:00'),
(445, 22100006, '0000-00-00 00:00:00', 1, 11006, '0000-00-00 00:00:00', '0000-00-00 00:00:00'),
(446, 22100007, '0000-00-00 00:00:00', 1, 11006, '0000-00-00 00:00:00', '0000-00-00 00:00:00'),
(447, 22100008, '0000-00-00 00:00:00', 1, 11006, '0000-00-00 00:00:00', '0000-00-00 00:00:00'),
(448, 22100009, '0000-00-00 00:00:00', 1, 11006, '0000-00-00 00:00:00', '0000-00-00 00:00:00'),
(449, 22100010, '0000-00-00 00:00:00', 1, 11006, '0000-00-00 00:00:00', '0000-00-00 00:00:00'),
(450, 22100012, '0000-00-00 00:00:00', 1, 11006, '0000-00-00 00:00:00', '0000-00-00 00:00:00'),
(451, 22100013, '0000-00-00 00:00:00', 1, 11006, '0000-00-00 00:00:00', '0000-00-00 00:00:00'),
(452, 22100014, '0000-00-00 00:00:00', 1, 11006, '0000-00-00 00:00:00', '0000-00-00 00:00:00'),
(453, 22100019, '0000-00-00 00:00:00', 1, 11006, '0000-00-00 00:00:00', '0000-00-00 00:00:00'),
(454, 22100026, '0000-00-00 00:00:00', 1, 11006, '0000-00-00 00:00:00', '0000-00-00 00:00:00'),
(455, 22100037, '0000-00-00 00:00:00', 1, 11006, '0000-00-00 00:00:00', '0000-00-00 00:00:00'),
(456, 22100042, '0000-00-00 00:00:00', 1, 11006, '0000-00-00 00:00:00', '0000-00-00 00:00:00'),
(457, 22100044, '0000-00-00 00:00:00', 1, 11006, '0000-00-00 00:00:00', '0000-00-00 00:00:00'),
(458, 22100045, '0000-00-00 00:00:00', 1, 11006, '0000-00-00 00:00:00', '0000-00-00 00:00:00'),
(459, 22100046, '0000-00-00 00:00:00', 1, 11006, '0000-00-00 00:00:00', '0000-00-00 00:00:00'),
(460, 22100015, '0000-00-00 00:00:00', 1, 12006, '0000-00-00 00:00:00', '0000-00-00 00:00:00'),
(461, 22100016, '0000-00-00 00:00:00', 1, 12006, '0000-00-00 00:00:00', '0000-00-00 00:00:00'),
(462, 22100017, '0000-00-00 00:00:00', 1, 12006, '0000-00-00 00:00:00', '0000-00-00 00:00:00'),
(463, 22100018, '0000-00-00 00:00:00', 1, 12006, '0000-00-00 00:00:00', '0000-00-00 00:00:00'),
(464, 22100020, '0000-00-00 00:00:00', 1, 12006, '0000-00-00 00:00:00', '0000-00-00 00:00:00'),
(465, 22100023, '0000-00-00 00:00:00', 1, 12006, '0000-00-00 00:00:00', '0000-00-00 00:00:00'),
(466, 22100024, '0000-00-00 00:00:00', 1, 12006, '0000-00-00 00:00:00', '0000-00-00 00:00:00'),
(467, 22100027, '0000-00-00 00:00:00', 1, 12006, '0000-00-00 00:00:00', '0000-00-00 00:00:00'),
(468, 22100030, '0000-00-00 00:00:00', 1, 12006, '0000-00-00 00:00:00', '0000-00-00 00:00:00'),
(469, 22100031, '0000-00-00 00:00:00', 4, 12006, '0000-00-00 00:00:00', '0000-00-00 00:00:00'),
(470, 22100032, '0000-00-00 00:00:00', 1, 12006, '0000-00-00 00:00:00', '0000-00-00 00:00:00'),
(471, 22100033, '0000-00-00 00:00:00', 1, 12006, '0000-00-00 00:00:00', '0000-00-00 00:00:00'),
(472, 22100034, '0000-00-00 00:00:00', 1, 12006, '0000-00-00 00:00:00', '0000-00-00 00:00:00'),
(473, 22100035, '0000-00-00 00:00:00', 1, 12006, '0000-00-00 00:00:00', '0000-00-00 00:00:00'),
(474, 22100036, '0000-00-00 00:00:00', 1, 12006, '0000-00-00 00:00:00', '0000-00-00 00:00:00'),
(475, 22100001, '0000-00-00 00:00:00', 1, 11007, '0000-00-00 00:00:00', '0000-00-00 00:00:00'),
(476, 22100002, '0000-00-00 00:00:00', 1, 11007, '0000-00-00 00:00:00', '0000-00-00 00:00:00'),
(477, 22100004, '0000-00-00 00:00:00', 1, 11007, '0000-00-00 00:00:00', '0000-00-00 00:00:00'),
(478, 22100006, '0000-00-00 00:00:00', 1, 11007, '0000-00-00 00:00:00', '0000-00-00 00:00:00'),
(479, 22100007, '0000-00-00 00:00:00', 1, 11007, '0000-00-00 00:00:00', '0000-00-00 00:00:00'),
(480, 22100008, '0000-00-00 00:00:00', 1, 11007, '0000-00-00 00:00:00', '0000-00-00 00:00:00'),
(481, 22100009, '0000-00-00 00:00:00', 1, 11007, '0000-00-00 00:00:00', '0000-00-00 00:00:00'),
(482, 22100010, '0000-00-00 00:00:00', 1, 11007, '0000-00-00 00:00:00', '0000-00-00 00:00:00'),
(483, 22100012, '0000-00-00 00:00:00', 1, 11007, '0000-00-00 00:00:00', '0000-00-00 00:00:00'),
(484, 22100013, '0000-00-00 00:00:00', 1, 11007, '0000-00-00 00:00:00', '0000-00-00 00:00:00'),
(485, 22100014, '0000-00-00 00:00:00', 1, 11007, '0000-00-00 00:00:00', '0000-00-00 00:00:00'),
(486, 22100019, '0000-00-00 00:00:00', 1, 11007, '0000-00-00 00:00:00', '0000-00-00 00:00:00'),
(487, 22100026, '0000-00-00 00:00:00', 1, 11007, '0000-00-00 00:00:00', '0000-00-00 00:00:00'),
(488, 22100037, '0000-00-00 00:00:00', 1, 11007, '0000-00-00 00:00:00', '0000-00-00 00:00:00'),
(489, 22100042, '0000-00-00 00:00:00', 1, 11007, '0000-00-00 00:00:00', '0000-00-00 00:00:00'),
(490, 22100044, '0000-00-00 00:00:00', 1, 11007, '0000-00-00 00:00:00', '0000-00-00 00:00:00'),
(491, 22100045, '0000-00-00 00:00:00', 1, 11007, '0000-00-00 00:00:00', '0000-00-00 00:00:00'),
(492, 22100046, '0000-00-00 00:00:00', 1, 11007, '0000-00-00 00:00:00', '0000-00-00 00:00:00'),
(493, 22100015, '0000-00-00 00:00:00', 1, 12007, '0000-00-00 00:00:00', '0000-00-00 00:00:00'),
(494, 22100016, '0000-00-00 00:00:00', 1, 12007, '0000-00-00 00:00:00', '0000-00-00 00:00:00'),
(495, 22100017, '0000-00-00 00:00:00', 1, 12007, '0000-00-00 00:00:00', '0000-00-00 00:00:00'),
(496, 22100018, '0000-00-00 00:00:00', 1, 12007, '0000-00-00 00:00:00', '0000-00-00 00:00:00'),
(497, 22100020, '0000-00-00 00:00:00', 1, 12007, '0000-00-00 00:00:00', '0000-00-00 00:00:00'),
(498, 22100023, '0000-00-00 00:00:00', 1, 12007, '0000-00-00 00:00:00', '0000-00-00 00:00:00'),
(499, 22100024, '0000-00-00 00:00:00', 1, 12007, '0000-00-00 00:00:00', '0000-00-00 00:00:00'),
(500, 22100027, '0000-00-00 00:00:00', 1, 12007, '0000-00-00 00:00:00', '0000-00-00 00:00:00'),
(501, 22100030, '0000-00-00 00:00:00', 1, 12007, '0000-00-00 00:00:00', '0000-00-00 00:00:00'),
(502, 22100031, '0000-00-00 00:00:00', 4, 12007, '0000-00-00 00:00:00', '0000-00-00 00:00:00'),
(503, 22100032, '0000-00-00 00:00:00', 1, 12007, '0000-00-00 00:00:00', '0000-00-00 00:00:00'),
(504, 22100033, '0000-00-00 00:00:00', 1, 12007, '0000-00-00 00:00:00', '0000-00-00 00:00:00'),
(505, 22100034, '0000-00-00 00:00:00', 1, 12007, '0000-00-00 00:00:00', '0000-00-00 00:00:00'),
(506, 22100035, '0000-00-00 00:00:00', 1, 12007, '0000-00-00 00:00:00', '0000-00-00 00:00:00'),
(507, 22100036, '0000-00-00 00:00:00', 1, 12007, '0000-00-00 00:00:00', '0000-00-00 00:00:00'),
(508, 22200001, '0000-00-00 00:00:00', 1, 21007, '0000-00-00 00:00:00', '0000-00-00 00:00:00'),
(509, 22200002, '0000-00-00 00:00:00', 1, 21007, '0000-00-00 00:00:00', '0000-00-00 00:00:00'),
(510, 22200005, '0000-00-00 00:00:00', 1, 21007, '0000-00-00 00:00:00', '0000-00-00 00:00:00'),
(511, 22200006, '0000-00-00 00:00:00', 1, 21007, '0000-00-00 00:00:00', '0000-00-00 00:00:00'),
(512, 22200008, '0000-00-00 00:00:00', 1, 21007, '0000-00-00 00:00:00', '0000-00-00 00:00:00'),
(513, 22200009, '0000-00-00 00:00:00', 1, 21007, '0000-00-00 00:00:00', '0000-00-00 00:00:00'),
(514, 22200010, '0000-00-00 00:00:00', 1, 21007, '0000-00-00 00:00:00', '0000-00-00 00:00:00'),
(515, 22200011, '0000-00-00 00:00:00', 1, 21007, '0000-00-00 00:00:00', '0000-00-00 00:00:00'),
(516, 22200013, '0000-00-00 00:00:00', 1, 21007, '0000-00-00 00:00:00', '0000-00-00 00:00:00'),
(517, 22200014, '0000-00-00 00:00:00', 1, 21007, '0000-00-00 00:00:00', '0000-00-00 00:00:00'),
(518, 22200016, '0000-00-00 00:00:00', 1, 21007, '0000-00-00 00:00:00', '0000-00-00 00:00:00'),
(519, 22200017, '0000-00-00 00:00:00', 1, 21007, '0000-00-00 00:00:00', '0000-00-00 00:00:00'),
(520, 22200018, '0000-00-00 00:00:00', 1, 21007, '0000-00-00 00:00:00', '0000-00-00 00:00:00'),
(521, 22200019, '0000-00-00 00:00:00', 1, 21007, '0000-00-00 00:00:00', '0000-00-00 00:00:00'),
(522, 22200021, '0000-00-00 00:00:00', 1, 21007, '0000-00-00 00:00:00', '0000-00-00 00:00:00'),
(523, 22200022, '0000-00-00 00:00:00', 1, 21007, '0000-00-00 00:00:00', '0000-00-00 00:00:00'),
(524, 22200023, '0000-00-00 00:00:00', 1, 21007, '0000-00-00 00:00:00', '0000-00-00 00:00:00'),
(525, 22200025, '0000-00-00 00:00:00', 1, 21007, '0000-00-00 00:00:00', '0000-00-00 00:00:00'),
(526, 22200027, '0000-00-00 00:00:00', 1, 21007, '0000-00-00 00:00:00', '0000-00-00 00:00:00'),
(527, 22200028, '0000-00-00 00:00:00', 1, 21007, '0000-00-00 00:00:00', '0000-00-00 00:00:00'),
(528, 22200029, '0000-00-00 00:00:00', 1, 21007, '0000-00-00 00:00:00', '0000-00-00 00:00:00'),
(529, 22200030, '0000-00-00 00:00:00', 1, 21007, '0000-00-00 00:00:00', '0000-00-00 00:00:00'),
(530, 22200031, '0000-00-00 00:00:00', 1, 21007, '0000-00-00 00:00:00', '0000-00-00 00:00:00'),
(531, 22200032, '0000-00-00 00:00:00', 1, 21007, '0000-00-00 00:00:00', '0000-00-00 00:00:00');
INSERT INTO `tb_absensi1` (`id_absensi`, `id_mahasiswa`, `waktu_absen`, `kode_status_absensi`, `id_jadwal`, `tgl_ditambah`, `tgl_diupdate`) VALUES
(532, 22200033, '0000-00-00 00:00:00', 1, 21007, '0000-00-00 00:00:00', '0000-00-00 00:00:00'),
(533, 22200034, '0000-00-00 00:00:00', 1, 21007, '0000-00-00 00:00:00', '0000-00-00 00:00:00'),
(534, 22200036, '0000-00-00 00:00:00', 1, 21007, '0000-00-00 00:00:00', '0000-00-00 00:00:00'),
(535, 22200037, '0000-00-00 00:00:00', 1, 21007, '0000-00-00 00:00:00', '0000-00-00 00:00:00'),
(536, 22200038, '0000-00-00 00:00:00', 1, 21007, '0000-00-00 00:00:00', '0000-00-00 00:00:00'),
(537, 22200041, '0000-00-00 00:00:00', 1, 21007, '0000-00-00 00:00:00', '0000-00-00 00:00:00'),
(538, 22200001, '0000-00-00 00:00:00', 1, 21008, '0000-00-00 00:00:00', '0000-00-00 00:00:00'),
(539, 22200002, '0000-00-00 00:00:00', 1, 21008, '0000-00-00 00:00:00', '0000-00-00 00:00:00'),
(540, 22200005, '0000-00-00 00:00:00', 1, 21008, '0000-00-00 00:00:00', '0000-00-00 00:00:00'),
(541, 22200006, '0000-00-00 00:00:00', 1, 21008, '0000-00-00 00:00:00', '0000-00-00 00:00:00'),
(542, 22200008, '0000-00-00 00:00:00', 1, 21008, '0000-00-00 00:00:00', '0000-00-00 00:00:00'),
(543, 22200009, '0000-00-00 00:00:00', 1, 21008, '0000-00-00 00:00:00', '0000-00-00 00:00:00'),
(544, 22200010, '0000-00-00 00:00:00', 1, 21008, '0000-00-00 00:00:00', '0000-00-00 00:00:00'),
(545, 22200011, '0000-00-00 00:00:00', 1, 21008, '0000-00-00 00:00:00', '0000-00-00 00:00:00'),
(546, 22200013, '0000-00-00 00:00:00', 1, 21008, '0000-00-00 00:00:00', '0000-00-00 00:00:00'),
(547, 22200014, '0000-00-00 00:00:00', 1, 21008, '0000-00-00 00:00:00', '0000-00-00 00:00:00'),
(548, 22200016, '0000-00-00 00:00:00', 1, 21008, '0000-00-00 00:00:00', '0000-00-00 00:00:00'),
(549, 22200017, '0000-00-00 00:00:00', 1, 21008, '0000-00-00 00:00:00', '0000-00-00 00:00:00'),
(550, 22200018, '0000-00-00 00:00:00', 1, 21008, '0000-00-00 00:00:00', '0000-00-00 00:00:00'),
(551, 22200019, '0000-00-00 00:00:00', 1, 21008, '0000-00-00 00:00:00', '0000-00-00 00:00:00'),
(552, 22200021, '0000-00-00 00:00:00', 1, 21008, '0000-00-00 00:00:00', '0000-00-00 00:00:00'),
(553, 22200022, '0000-00-00 00:00:00', 1, 21008, '0000-00-00 00:00:00', '0000-00-00 00:00:00'),
(554, 22200023, '0000-00-00 00:00:00', 1, 21008, '0000-00-00 00:00:00', '0000-00-00 00:00:00'),
(555, 22200025, '0000-00-00 00:00:00', 1, 21008, '0000-00-00 00:00:00', '0000-00-00 00:00:00'),
(556, 22200027, '0000-00-00 00:00:00', 1, 21008, '0000-00-00 00:00:00', '0000-00-00 00:00:00'),
(557, 22200028, '0000-00-00 00:00:00', 1, 21008, '0000-00-00 00:00:00', '0000-00-00 00:00:00'),
(558, 22200029, '0000-00-00 00:00:00', 1, 21008, '0000-00-00 00:00:00', '0000-00-00 00:00:00'),
(559, 22200030, '0000-00-00 00:00:00', 1, 21008, '0000-00-00 00:00:00', '0000-00-00 00:00:00'),
(560, 22200031, '0000-00-00 00:00:00', 1, 21008, '0000-00-00 00:00:00', '0000-00-00 00:00:00'),
(561, 22200032, '0000-00-00 00:00:00', 1, 21008, '0000-00-00 00:00:00', '0000-00-00 00:00:00'),
(562, 22200033, '0000-00-00 00:00:00', 1, 21008, '0000-00-00 00:00:00', '0000-00-00 00:00:00'),
(563, 22200034, '0000-00-00 00:00:00', 1, 21008, '0000-00-00 00:00:00', '0000-00-00 00:00:00'),
(564, 22200036, '0000-00-00 00:00:00', 1, 21008, '0000-00-00 00:00:00', '0000-00-00 00:00:00'),
(565, 22200037, '0000-00-00 00:00:00', 1, 21008, '0000-00-00 00:00:00', '0000-00-00 00:00:00'),
(566, 22200038, '0000-00-00 00:00:00', 1, 21008, '0000-00-00 00:00:00', '0000-00-00 00:00:00'),
(567, 22200041, '0000-00-00 00:00:00', 1, 21008, '0000-00-00 00:00:00', '0000-00-00 00:00:00'),
(568, 22300001, '0000-00-00 00:00:00', 1, 31007, '0000-00-00 00:00:00', '0000-00-00 00:00:00'),
(569, 22300002, '0000-00-00 00:00:00', 1, 31007, '0000-00-00 00:00:00', '0000-00-00 00:00:00'),
(570, 22300003, '0000-00-00 00:00:00', 1, 31007, '0000-00-00 00:00:00', '0000-00-00 00:00:00'),
(571, 22300004, '0000-00-00 00:00:00', 1, 31007, '0000-00-00 00:00:00', '0000-00-00 00:00:00'),
(572, 22300005, '0000-00-00 00:00:00', 1, 31007, '0000-00-00 00:00:00', '0000-00-00 00:00:00'),
(573, 22300006, '0000-00-00 00:00:00', 1, 31007, '0000-00-00 00:00:00', '0000-00-00 00:00:00'),
(574, 22300007, '0000-00-00 00:00:00', 1, 31007, '0000-00-00 00:00:00', '0000-00-00 00:00:00'),
(575, 22300008, '0000-00-00 00:00:00', 1, 31007, '0000-00-00 00:00:00', '0000-00-00 00:00:00'),
(576, 22300009, '0000-00-00 00:00:00', 1, 31007, '0000-00-00 00:00:00', '0000-00-00 00:00:00'),
(577, 22300011, '0000-00-00 00:00:00', 1, 31007, '0000-00-00 00:00:00', '0000-00-00 00:00:00'),
(578, 22300012, '0000-00-00 00:00:00', 1, 31007, '0000-00-00 00:00:00', '0000-00-00 00:00:00'),
(579, 22300015, '0000-00-00 00:00:00', 1, 31007, '0000-00-00 00:00:00', '0000-00-00 00:00:00'),
(580, 22300016, '0000-00-00 00:00:00', 1, 31007, '0000-00-00 00:00:00', '0000-00-00 00:00:00'),
(581, 22300017, '0000-00-00 00:00:00', 1, 31007, '0000-00-00 00:00:00', '0000-00-00 00:00:00'),
(582, 22300019, '0000-00-00 00:00:00', 1, 31007, '0000-00-00 00:00:00', '0000-00-00 00:00:00'),
(583, 22300020, '0000-00-00 00:00:00', 1, 31007, '0000-00-00 00:00:00', '0000-00-00 00:00:00'),
(584, 22300001, '0000-00-00 00:00:00', 1, 31008, '0000-00-00 00:00:00', '0000-00-00 00:00:00'),
(585, 22300002, '0000-00-00 00:00:00', 1, 31008, '0000-00-00 00:00:00', '0000-00-00 00:00:00'),
(586, 22300003, '0000-00-00 00:00:00', 1, 31008, '0000-00-00 00:00:00', '0000-00-00 00:00:00'),
(587, 22300004, '0000-00-00 00:00:00', 1, 31008, '0000-00-00 00:00:00', '0000-00-00 00:00:00'),
(588, 22300005, '0000-00-00 00:00:00', 1, 31008, '0000-00-00 00:00:00', '0000-00-00 00:00:00'),
(589, 22300006, '0000-00-00 00:00:00', 1, 31008, '0000-00-00 00:00:00', '0000-00-00 00:00:00'),
(590, 22300007, '0000-00-00 00:00:00', 1, 31008, '0000-00-00 00:00:00', '0000-00-00 00:00:00'),
(591, 22300008, '0000-00-00 00:00:00', 1, 31008, '0000-00-00 00:00:00', '0000-00-00 00:00:00'),
(592, 22300009, '0000-00-00 00:00:00', 1, 31008, '0000-00-00 00:00:00', '0000-00-00 00:00:00'),
(593, 22300011, '0000-00-00 00:00:00', 1, 31008, '0000-00-00 00:00:00', '0000-00-00 00:00:00'),
(594, 22300012, '0000-00-00 00:00:00', 1, 31008, '0000-00-00 00:00:00', '0000-00-00 00:00:00'),
(595, 22300015, '0000-00-00 00:00:00', 1, 31008, '0000-00-00 00:00:00', '0000-00-00 00:00:00'),
(596, 22300016, '0000-00-00 00:00:00', 1, 31008, '0000-00-00 00:00:00', '0000-00-00 00:00:00'),
(597, 22300017, '0000-00-00 00:00:00', 1, 31008, '0000-00-00 00:00:00', '0000-00-00 00:00:00'),
(598, 22300019, '0000-00-00 00:00:00', 1, 31008, '0000-00-00 00:00:00', '0000-00-00 00:00:00'),
(599, 22300020, '0000-00-00 00:00:00', 1, 31008, '0000-00-00 00:00:00', '0000-00-00 00:00:00');

-- --------------------------------------------------------

--
-- Struktur dari tabel `tb_jadwal1`
--

CREATE TABLE `tb_jadwal1` (
  `id_jadwal` int(5) NOT NULL,
  `jam_mulai` time NOT NULL,
  `jam_selesai` time NOT NULL,
  `hari` date NOT NULL,
  `id_kelas` int(5) NOT NULL,
  `id_dosen` int(3) NOT NULL,
  `id_matkul` int(3) NOT NULL,
  `tgl_ditambah` timestamp NOT NULL DEFAULT current_timestamp(),
  `tgl_diupdate` timestamp NOT NULL DEFAULT current_timestamp() ON UPDATE current_timestamp()
) ENGINE=InnoDB DEFAULT CHARSET=utf8mb4 COLLATE=utf8mb4_general_ci;

--
-- Dumping data untuk tabel `tb_jadwal1`
--

INSERT INTO `tb_jadwal1` (`id_jadwal`, `jam_mulai`, `jam_selesai`, `hari`, `id_kelas`, `id_dosen`, `id_matkul`, `tgl_ditambah`, `tgl_diupdate`) VALUES
(11001, '08:00:00', '09:40:00', '0000-00-00', 1, 110, 0, '0000-00-00 00:00:00', '0000-00-00 00:00:00'),
(11002, '08:00:00', '09:40:00', '0000-00-00', 1, 108, 0, '0000-00-00 00:00:00', '0000-00-00 00:00:00'),
(11003, '09:50:00', '11:30:00', '0000-00-00', 1, 107, 0, '0000-00-00 00:00:00', '0000-00-00 00:00:00'),
(11004, '08:00:00', '09:40:00', '0000-00-00', 1, 122, 0, '0000-00-00 00:00:00', '0000-00-00 00:00:00'),
(11005, '09:50:00', '11:30:00', '0000-00-00', 1, 104, 0, '0000-00-00 00:00:00', '0000-00-00 00:00:00'),
(11006, '08:00:00', '09:40:00', '0000-00-00', 1, 109, 0, '0000-00-00 00:00:00', '0000-00-00 00:00:00'),
(11007, '09:50:00', '11:30:00', '0000-00-00', 1, 104, 0, '0000-00-00 00:00:00', '0000-00-00 00:00:00'),
(12001, '08:00:00', '09:40:00', '0000-00-00', 2, 104, 0, '0000-00-00 00:00:00', '0000-00-00 00:00:00'),
(12002, '09:50:00', '11:30:00', '0000-00-00', 2, 104, 0, '0000-00-00 00:00:00', '0000-00-00 00:00:00'),
(12003, '08:00:00', '09:40:00', '0000-00-00', 2, 108, 0, '0000-00-00 00:00:00', '0000-00-00 00:00:00'),
(12004, '09:50:00', '11:30:00', '0000-00-00', 2, 107, 0, '0000-00-00 00:00:00', '0000-00-00 00:00:00'),
(12005, '08:00:00', '09:40:00', '0000-00-00', 2, 125, 0, '0000-00-00 00:00:00', '0000-00-00 00:00:00'),
(12006, '08:00:00', '09:40:00', '0000-00-00', 2, 110, 0, '0000-00-00 00:00:00', '0000-00-00 00:00:00'),
(12007, '09:50:00', '11:30:00', '0000-00-00', 2, 109, 0, '0000-00-00 00:00:00', '0000-00-00 00:00:00'),
(21001, '09:50:00', '11:30:00', '0000-00-00', 3, 113, 0, '0000-00-00 00:00:00', '0000-00-00 00:00:00'),
(21002, '08:00:00', '09:40:00', '0000-00-00', 3, 115, 0, '0000-00-00 00:00:00', '0000-00-00 00:00:00'),
(21003, '09:50:00', '11:30:00', '0000-00-00', 3, 116, 0, '0000-00-00 00:00:00', '0000-00-00 00:00:00'),
(21004, '08:00:00', '09:40:00', '0000-00-00', 3, 110, 0, '0000-00-00 00:00:00', '0000-00-00 00:00:00'),
(21005, '08:00:00', '09:40:00', '0000-00-00', 3, 105, 0, '0000-00-00 00:00:00', '0000-00-00 00:00:00'),
(21006, '09:50:00', '11:30:00', '0000-00-00', 3, 125, 0, '0000-00-00 00:00:00', '0000-00-00 00:00:00'),
(21007, '08:00:00', '11:30:00', '0000-00-00', 3, 113, 0, '0000-00-00 00:00:00', '0000-00-00 00:00:00'),
(21008, '08:00:00', '11:30:00', '0000-00-00', 3, 105, 0, '0000-00-00 00:00:00', '0000-00-00 00:00:00'),
(31001, '08:00:00', '09:40:00', '0000-00-00', 4, 106, 0, '0000-00-00 00:00:00', '0000-00-00 00:00:00'),
(31002, '08:00:00', '09:40:00', '0000-00-00', 4, 116, 0, '0000-00-00 00:00:00', '0000-00-00 00:00:00'),
(31003, '09:50:00', '11:30:00', '0000-00-00', 4, 107, 0, '0000-00-00 00:00:00', '0000-00-00 00:00:00'),
(31004, '08:00:00', '09:40:00', '0000-00-00', 4, 107, 0, '0000-00-00 00:00:00', '0000-00-00 00:00:00'),
(31005, '09:50:00', '11:30:00', '0000-00-00', 4, 119, 0, '0000-00-00 00:00:00', '0000-00-00 00:00:00'),
(31006, '08:00:00', '09:40:00', '0000-00-00', 4, 125, 0, '0000-00-00 00:00:00', '0000-00-00 00:00:00'),
(31007, '14:00:00', '17:00:00', '0000-00-00', 4, 119, 0, '0000-00-00 00:00:00', '0000-00-00 00:00:00'),
(31008, '14:00:00', '17:00:00', '0000-00-00', 4, 106, 0, '0000-00-00 00:00:00', '0000-00-00 00:00:00');

-- --------------------------------------------------------

--
-- Struktur dari tabel `tb_kelas1`
--

CREATE TABLE `tb_kelas1` (
  `id_kelas` int(5) NOT NULL,
  `nm_kelas` varchar(5) NOT NULL,
  `tgl_ditambah` timestamp NOT NULL DEFAULT current_timestamp(),
  `tgl_diupdate` timestamp NOT NULL DEFAULT current_timestamp() ON UPDATE current_timestamp()
) ENGINE=InnoDB DEFAULT CHARSET=utf8mb4 COLLATE=utf8mb4_general_ci;

--
-- Dumping data untuk tabel `tb_kelas1`
--

INSERT INTO `tb_kelas1` (`id_kelas`, `nm_kelas`, `tgl_ditambah`, `tgl_diupdate`) VALUES
(1, 'STI A', '0000-00-00 00:00:00', '0000-00-00 00:00:00'),
(2, 'STI B', '0000-00-00 00:00:00', '0000-00-00 00:00:00'),
(3, 'BD', '0000-00-00 00:00:00', '0000-00-00 00:00:00'),
(4, 'KWU', '0000-00-00 00:00:00', '0000-00-00 00:00:00');

-- --------------------------------------------------------

--
-- Struktur dari tabel `tb_matkul1`
--

CREATE TABLE `tb_matkul1` (
  `id_matkul` int(3) NOT NULL,
  `nm_matkul` varchar(60) NOT NULL,
  `tgl_ditambah` timestamp NOT NULL DEFAULT current_timestamp(),
  `tgl_diupdate` timestamp NOT NULL DEFAULT current_timestamp() ON UPDATE current_timestamp()
) ENGINE=InnoDB DEFAULT CHARSET=utf8mb4 COLLATE=utf8mb4_general_ci;

--
-- Dumping data untuk tabel `tb_matkul1`
--

INSERT INTO `tb_matkul1` (`id_matkul`, `nm_matkul`, `tgl_ditambah`, `tgl_diupdate`) VALUES
(1, 'Kewarganegaraan', '0000-00-00 00:00:00', '0000-00-00 00:00:00'),
(2, 'Kecerdasan Buatan', '0000-00-00 00:00:00', '0000-00-00 00:00:00'),
(3, 'Pemrograman Berorientasi Objek II', '0000-00-00 00:00:00', '0000-00-00 00:00:00'),
(4, 'Digital Creation', '0000-00-00 00:00:00', '0000-00-00 00:00:00'),
(5, 'Technopreneurship II', '0000-00-00 00:00:00', '0000-00-00 00:00:00'),
(6, 'Statistika dan Probabilitas', '0000-00-00 00:00:00', '0000-00-00 00:00:00'),
(7, 'Internet of Things', '0000-00-00 00:00:00', '0000-00-00 00:00:00'),
(8, 'Kewarganegaraan', '0000-00-00 00:00:00', '0000-00-00 00:00:00'),
(9, 'Digital Business Execution', '0000-00-00 00:00:00', '0000-00-00 00:00:00'),
(10, 'Pemrograman Web Lanjutan', '0000-00-00 00:00:00', '0000-00-00 00:00:00'),
(11, 'Manajemen Risiko', '0000-00-00 00:00:00', '0000-00-00 00:00:00'),
(12, 'Portfolio dan Investment', '0000-00-00 00:00:00', '0000-00-00 00:00:00'),
(13, 'Knowledge & Innovation Management', '0000-00-00 00:00:00', '0000-00-00 00:00:00'),
(14, 'E-Commerce', '0000-00-00 00:00:00', '0000-00-00 00:00:00'),
(15, 'Kewarganegaraan', '0000-00-00 00:00:00', '0000-00-00 00:00:00'),
(16, 'Bisnis Internasional', '0000-00-00 00:00:00', '0000-00-00 00:00:00'),
(17, 'Analisis Bisnis', '0000-00-00 00:00:00', '0000-00-00 00:00:00'),
(18, 'Strategi Bisnis', '0000-00-00 00:00:00', '0000-00-00 00:00:00'),
(19, 'Aplikasi Penelitian Kuantitatif', '0000-00-00 00:00:00', '0000-00-00 00:00:00'),
(20, 'Pengembangan Model Bisnis Baru', '0000-00-00 00:00:00', '0000-00-00 00:00:00'),
(21, 'Pembiayaan Modal Bisnis Baru', '0000-00-00 00:00:00', '0000-00-00 00:00:00'),
(22, 'Kepemimpinan Kewirausahaan', '0000-00-00 00:00:00', '0000-00-00 00:00:00');

-- --------------------------------------------------------

--
-- Struktur dari tabel `tb_status_absensi1`
--

CREATE TABLE `tb_status_absensi1` (
  `kode_status_absensi` int(1) NOT NULL,
  `status_absensi` varchar(5) NOT NULL,
  `tgl_ditambah` timestamp NOT NULL DEFAULT current_timestamp(),
  `tgl_diupdate` timestamp NOT NULL DEFAULT current_timestamp() ON UPDATE current_timestamp()
) ENGINE=InnoDB DEFAULT CHARSET=utf8mb4 COLLATE=utf8mb4_general_ci;

--
-- Dumping data untuk tabel `tb_status_absensi1`
--

INSERT INTO `tb_status_absensi1` (`kode_status_absensi`, `status_absensi`, `tgl_ditambah`, `tgl_diupdate`) VALUES
(1, 'Hadir', '0000-00-00 00:00:00', '0000-00-00 00:00:00'),
(2, 'Izin', '0000-00-00 00:00:00', '0000-00-00 00:00:00'),
(3, 'Sakit', '0000-00-00 00:00:00', '0000-00-00 00:00:00'),
(4, 'Alpa', '0000-00-00 00:00:00', '0000-00-00 00:00:00');

--
-- Indexes for dumped tables
--

--
-- Indeks untuk tabel `tb_absensi1`
--
ALTER TABLE `tb_absensi1`
  ADD PRIMARY KEY (`id_absensi`);

--
-- Indeks untuk tabel `tb_jadwal1`
--
ALTER TABLE `tb_jadwal1`
  ADD PRIMARY KEY (`id_jadwal`);

--
-- Indeks untuk tabel `tb_kelas1`
--
ALTER TABLE `tb_kelas1`
  ADD PRIMARY KEY (`id_kelas`);

--
-- Indeks untuk tabel `tb_matkul1`
--
ALTER TABLE `tb_matkul1`
  ADD PRIMARY KEY (`id_matkul`);

--
-- Indeks untuk tabel `tb_status_absensi1`
--
ALTER TABLE `tb_status_absensi1`
  ADD PRIMARY KEY (`kode_status_absensi`);

--
-- AUTO_INCREMENT untuk tabel yang dibuang
--

--
-- AUTO_INCREMENT untuk tabel `tb_absensi1`
--
ALTER TABLE `tb_absensi1`
  MODIFY `id_absensi` int(12) NOT NULL AUTO_INCREMENT, AUTO_INCREMENT=600;

--
-- AUTO_INCREMENT untuk tabel `tb_jadwal1`
--
ALTER TABLE `tb_jadwal1`
  MODIFY `id_jadwal` int(5) NOT NULL AUTO_INCREMENT, AUTO_INCREMENT=31009;

--
-- AUTO_INCREMENT untuk tabel `tb_kelas1`
--
ALTER TABLE `tb_kelas1`
  MODIFY `id_kelas` int(5) NOT NULL AUTO_INCREMENT, AUTO_INCREMENT=5;

--
-- AUTO_INCREMENT untuk tabel `tb_matkul1`
--
ALTER TABLE `tb_matkul1`
  MODIFY `id_matkul` int(3) NOT NULL AUTO_INCREMENT, AUTO_INCREMENT=23;

--
-- AUTO_INCREMENT untuk tabel `tb_status_absensi1`
--
ALTER TABLE `tb_status_absensi1`
  MODIFY `kode_status_absensi` int(1) NOT NULL AUTO_INCREMENT, AUTO_INCREMENT=5;
COMMIT;

/*!40101 SET CHARACTER_SET_CLIENT=@OLD_CHARACTER_SET_CLIENT */;
/*!40101 SET CHARACTER_SET_RESULTS=@OLD_CHARACTER_SET_RESULTS */;
/*!40101 SET COLLATION_CONNECTION=@OLD_COLLATION_CONNECTION */;
